Acc_X_lf,Acc_Y_lf,Acc_Z_lf,Acc_X_rf,Acc_Y_rf,Acc_Z_rf
7.888423443,6.455935955,-2.949755669,9.925278664,-1.748020768,1.470948815
7.676045895,6.669407845,-3.079130888,9.915657997,-1.827171803,0.90674305
7.637376308,6.790251255,-3.089639187,9.691673279,-2.522216797,0.01669517
7.622686386,6.908092022,-3.217963219,9.520133972,-3.090721607,-0.679476202
7.669035912,7.053536415,-3.483758211,9.432447433,-3.427739143,-1.092297196
7.692018032,7.211985111,-3.569260836,9.098842621,-3.710432291,-0.674017012
7.680623055,7.348807335,-3.558380127,8.704338074,-3.798728228,0.09296599
7.619330883,7.488987446,-3.501107454,8.443736076,-3.759906292,0.826072931
7.627947807,7.500091076,-3.380786419,8.34049511,-3.60644722,1.165896058
7.537752628,7.373343945,-3.246945858,8.469907761,-3.33220458,1.168108582
7.331861496,7.184794903,-3.129227877,9.079039574,-2.301459312,1.099212885
7.177936077,6.99139595,-3.178266287,10.04349995,-1.628051519,1.082869053
7.199444771,6.749526978,-3.166725397,10.4523859,-0.851127446,1.14979279
7.209450722,6.638041496,-2.908296585,10.40979576,-1.170357585,0.211734667
7.450342655,6.541028023,-2.859306097,9.884336472,-2.531302214,-0.694434404
7.341229439,6.47589016,-2.609463692,9.330920219,-3.614086866,-1.564357638
7.492518902,6.456647396,-2.71932435,9.120569229,-3.867610455,-1.770431638
7.604423046,6.361278534,-2.816649437,9.16261673,-3.313785553,-1.317551732
7.721731186,6.229278088,-2.998514175,9.194503784,-2.779509068,-0.690553844
7.666721821,6.102102757,-3.01205039,9.268296242,-2.325905561,-0.324997395
7.52555275,6.057300568,-3.100519896,9.366701126,-2.191096306,-0.071038723
7.425851822,6.027992249,-3.242551327,9.420830727,-2.193614721,0.312358141
7.494467735,5.958715439,-3.453518152,9.618031502,-2.119009018,0.426286846
7.602560043,5.887329102,-3.550878048,9.866569519,-1.821447015,0.44205758
7.811657429,5.814035892,-3.436668158,9.92436409,-1.953685164,0.030470688
7.861774921,5.67156601,-2.830104828,9.812568665,-2.101963758,-0.209010586
7.921718597,5.504108429,-2.622130156,9.592926979,-2.469264507,-0.377280921
8.249303818,5.455813885,-2.469940424,9.236300468,-3.024235725,-0.289931595
8.450469971,5.133860588,-2.400227308,8.927526474,-2.64603591,-0.094079286
8.601761818,4.780484676,-2.430344105,9.040282249,-2.302995682,-0.311890692
8.676370621,4.396093845,-2.29563117,9.268866539,-2.424517155,-0.214920476
8.75007534,4.189282894,-2.3988657,9.40826416,-2.390162945,-0.002959055
8.684402466,3.895926952,-2.500198364,9.797428131,-1.732118487,0.252665669
8.510550499,3.664535761,-2.69965148,10.21968174,-1.178733706,0.929509223
8.31435585,3.459143877,-2.813273191,10.20813751,-0.935607672,1.091788173
8.389136314,3.63801074,-2.746280193,9.825510025,-1.416643858,0.639549792
8.709328651,4.024717808,-2.273871183,9.579468727,-2.006465673,0.074288867
9.130130768,4.471994877,-1.66493237,9.486379623,-2.197211981,-0.370956093
9.498121262,4.755214214,-1.434802771,9.386127472,-2.189445734,-0.213780478
9.577111244,4.530082703,-1.236092925,9.228745461,-2.312996387,-0.304886281
9.295223236,3.872868538,-1.069936514,9.04672718,-2.798136473,-1.073936462
8.774092674,2.961856604,-1.283268809,9.427052498,-3.298210144,-0.482757568
8.267766953,1.673152447,-1.562432647,9.144453049,-2.468311548,0.214327008
7.794798851,0.747045338,-1.728272319,9.248102188,-1.970364451,0.623760819
7.428163052,0.220823631,-2.32486248,9.538085938,-1.430688858,1.037876725
7.662335396,-0.353591889,-2.500238657,9.864630699,-0.775501668,0.919561923
7.837003231,-0.492840677,-2.164427519,10.18197632,-0.917944252,0.518970728
8.223558426,-0.100078478,-1.771939635,10.06901073,-1.104155898,0.558642864
8.726052284,0.562249362,-1.070064902,9.765685081,-1.215363979,0.158136085
9.292656898,1.560838819,-0.481328577,9.671648979,-1.419121385,0.128610671
9.549550056,2.092581749,0.149687827,9.662822723,-1.426656365,0.216306448
9.82592392,2.453021049,0.943296909,9.716601372,-1.349240422,0.38010028
10.62267971,3.590854645,1.152536273,9.597503662,-1.15959239,0.540446699
11.30786514,4.498913765,1.842289209,9.301093102,-1.111304045,0.281444728
10.41047382,4.035179138,2.064915419,9.297826767,-1.11669755,-0.364992976
8.8583498,2.275188923,0.26252383,9.549300194,-1.282495022,-0.739741862
7.624975681,0.300497472,-1.203921795,9.706536293,-1.352759838,-0.69175595
7.657105446,-0.980870008,-1.682145238,9.75590992,-1.087540627,-0.588156164
8.393134117,-0.289030284,-2.171854019,9.747802734,-0.959873259,-0.329497606
8.839000702,1.522041202,-1.773846984,9.842448235,-1.205698133,-0.057487026
8.588068962,2.781592846,-1.079976797,9.576029778,-0.977534533,0.295222461
8.062612534,3.039422035,-0.461306572,9.391108513,-0.641203701,-0.230870917
7.630411148,2.332387686,0.043083787,9.850916862,-0.824082792,0.466637373
7.300517082,1.129667759,0.155998468,9.5103302,-0.182822898,1.130147934
7.265357494,0.33229208,-0.281736821,9.368432045,-0.083671883,1.125733495
7.641133308,0.210825741,-0.455373496,9.464299202,0.068589866,0.500147402
8.135353088,0.899815619,-0.624638021,9.609277725,0.000857624,-0.278550774
8.643774033,2.277262688,-0.934776187,9.796345711,-0.127981812,-0.60652113
8.954175949,3.999771118,-0.756153464,9.876695633,-0.201741382,-0.893178284
9.389505386,6.122974873,-0.967317402,9.796907425,-0.275062531,-1.106522083
9.797706604,7.88109684,-0.904870093,9.763717651,-0.372446895,-1.14323926
10.04526329,9.287992477,-1.445521355,9.692525864,-0.161568582,-1.148997307
10.61423302,9.913928986,-2.147875071,9.562423706,0.256343305,-1.176125407
10.72269917,9.160201073,-2.656415224,9.428349495,0.73314786,-1.060530305
10.57177734,7.170669079,-2.98543787,9.94487381,0.807670951,0.150749937
10.08989239,4.544974804,-2.22202611,9.46244812,1.212875128,0.76247853
9.553183556,2.48989892,-1.111698151,9.6083498,0.970807433,0.418637991
8.899869919,2.189460278,-0.395054579,9.577565193,0.46607101,-0.038568117
8.332790375,2.761991024,-0.716915965,9.457363129,0.055476081,-0.155210346
8.744809151,2.594941139,-1.118454576,9.369172096,-0.249161392,-0.627295971
8.951365471,2.101634502,-0.929712534,9.523900032,0.023513561,-0.704873443
9.439826965,2.66127634,-1.272823453,9.467217445,0.147056907,-0.234514952
10.2476902,3.364463091,-1.260196924,9.326963425,0.042691994,0.236295447
10.83323288,3.132926226,-0.420988351,9.448835373,-0.349820971,0.293566793
10.82089138,2.026217461,0.21949482,9.548443794,-0.526559055,-0.050761372
10.37299633,1.180276871,0.445960701,9.387115479,0.067488112,-0.159991041
10.35864067,0.272572726,-0.145701498,9.388629913,0.431486666,0.316627562
10.67425728,-0.453530163,-0.120587736,9.648168564,-0.284118593,0.432665765
10.95820808,-0.015631257,0.381377161,9.86425209,-1.255540609,-0.483696073
11.39791489,0.849911451,0.123906009,10.55561829,-1.481190681,-1.084992528
11.44709015,1.545053601,-0.351385951,11.37306976,-1.894927025,-1.114506841
10.88612556,2.458178997,-1.331236482,12.29955864,-2.35373807,-0.907820225
9.989948273,3.254825115,-2.29818964,13.53994465,-3.175462246,0.454301775
9.764497757,4.321205616,-2.791641235,14.10634708,-2.833075047,2.54410553
9.389572144,4.000249863,-2.191598415,15.20759583,-4.58862114,4.463106155
9.316402435,3.590621233,-1.092234969,14.7048912,-3.458070993,4.407156467
9.121966362,2.898579359,-0.330760568,15.56937027,1.015914321,2.171051025
9.331753731,2.739760876,0.375460267,17.26537514,1.942899108,2.233515501
10.17100143,2.144988537,0.887156725,13.45129395,-0.241784975,4.388768196
10.74764061,1.2821666,1.166824818,9.497896194,0.997292817,2.265943289
10.70419312,0.694668472,1.49713254,9.158376694,2.447417498,-0.767596185
10.55384827,0.203726023,1.49338007,8.687358856,7.914342403,-0.900671005
10.25347233,0.035405207,1.202129602,10.59155178,6.598969936,-0.658920109
9.932491302,0.429355949,0.856559157,10.04680538,-8.399913788,-4.538514137
9.700689316,0.964351296,0.379536748,12.52966213,-16.62896538,-5.579913139
9.55670166,1.358740568,-0.162180424,13.79896545,-12.26164341,-2.943978548
9.486477852,1.805022717,-0.479790449,12.58999062,-5.113125801,-2.01888442
9.560128212,2.077342033,-0.317350328,10.97771931,-1.174100518,-0.662074924
9.643894196,1.962837696,-0.075500309,9.591367722,-2.854310274,-0.143804014
9.75929451,1.725700617,0.013256182,9.173323631,-4.062896729,-1.968461633
9.847509384,1.781841874,0.108903535,9.513848305,-3.524067879,-3.016298771
9.821329117,1.922162414,0.384959728,9.248275757,-2.47314024,-2.507839918
9.785376549,1.701774001,0.778947532,8.358302116,-1.632894278,-2.451006889
9.591977119,1.359054446,1.044762135,8.397933006,-2.024631262,-2.938949585
9.317487717,1.63453722,0.620589912,8.615777016,-2.208805799,-2.929617405
9.608711243,1.411491513,0.710467339,8.757616997,-2.05401206,-2.4654634
9.5583601,1.012066007,0.785220742,8.455460548,-2.14234376,-1.980979443
9.665291786,1.176759005,0.439179331,7.749135971,-2.055346489,-1.905386806
9.600019455,1.568779945,-0.315344155,7.542515755,-1.525422454,-1.887106299
9.379794121,1.866999984,-0.834473789,7.747683525,-0.868425906,-1.550954819
9.261353493,1.895364642,-1.163203239,7.740400791,-0.239594489,-1.196703434
9.390464783,1.751803041,-1.143727541,8.007213593,0.408001631,-1.456548452
9.366980553,1.764501095,-0.816825807,8.995910645,0.387579054,-1.629059315
9.448969841,1.747554541,-0.209872961,9.703474045,-0.05086774,-1.569038391
9.678966522,1.253837705,0.341829091,9.732411385,0.073567472,-1.510131001
9.89826107,0.679755569,0.713397622,10.26679707,0.068981946,-1.394569635
10.16455555,0.464323521,0.593936741,10.73235226,-0.472597569,-0.7598961
10.24474812,0.732546926,0.263915509,10.80299664,-1.131679893,0.099828213
10.08643913,0.674330771,-0.348787814,10.48513794,-0.928720117,0.540525258
10.1217165,0.616290748,-0.93429929,10.10861492,0.348637879,0.493859619
10.10729218,0.916913271,-1.28767395,10.12437439,1.716340899,0.188012019
9.850765228,1.400012732,-1.807127953,10.454669,2.323873997,0.002118826
10.11163139,0.861119688,-0.813963234,10.81804085,2.031042814,0.340045691
10.10443401,0.590056717,-0.407326102,10.62158108,1.274554849,0.739783108
10.08146191,0.28749302,0.090527914,10.37032127,0.744588554,0.809782505
10.11184311,0.607080162,0.734590054,11.03087521,0.302795172,0.691705227
9.792282104,0.784156024,1.035573244,11.8054781,-0.294694573,0.902225614
9.762127876,0.354297817,0.885174394,11.76443195,-0.610723257,0.98988533
9.914090157,0.260984689,0.722639263,11.68328285,-0.583014488,1.013810277
9.864908218,0.524761438,0.415644526,11.46776962,-0.326614022,1.29795444
9.926668167,0.158211187,-0.166737467,11.01900196,0.223806411,1.936808348
10.18006706,-0.16905123,-0.49515906,10.46902657,0.759147406,2.455577135
10.25749493,0.167350918,0.031364147,10.01096916,1.358606935,2.713745356
10.16783333,0.376741767,0.315236688,9.597426414,1.991437078,2.820006132
10.32228947,0.243746698,0.210262999,9.08526516,2.513547421,2.51760006
10.37796116,0.514287055,0.097874388,9.064508438,3.207912683,1.85453558
9.578642845,1.744622827,-0.232497156,10.21526909,3.221054077,1.406744599
8.794514656,3.067767143,-1.315912485,11.62278843,2.518405199,1.317344546
8.817809105,2.530998707,-1.304648519,12.28472137,1.573747396,1.07092464
9.251415253,1.591549635,-1.410687566,12.09660625,0.812875032,0.541382134
9.860629082,0.683123589,-1.265610218,11.86242771,1.08528018,-0.416629314
10.63219643,1.013456106,-1.746862769,11.14375401,0.064612053,-0.325000167
10.55841255,-0.047566537,-1.149897337,10.250947,-1.273124337,0.257459641
10.17042542,-0.436854094,-1.142078996,9.294299126,-1.659907699,0.439834684
9.967616081,0.006126679,-1.47451365,9.363725662,0.079670608,0.594029546
9.562952995,1.158183217,-1.383828044,7.396971703,-1.632445574,0.75110209
9.491098404,-1.730546474,-1.199822307,9.046909332,-0.377792299,0.500615954
9.811255455,1.594083548,-0.084614895,9.76050663,0.457984865,0.718324602
9.629838943,2.125086546,-0.840509117,10.75636292,0.215284675,0.645663261
9.631027222,1.759492993,-0.789918303,11.26463509,-0.094562247,0.654368281
9.384602547,2.520430088,-0.612976491,11.6356411,-0.448140621,0.873759568
9.270716667,2.688075781,-0.575778365,11.396101,-0.95845437,0.910254657
9.499155998,2.209109545,-0.737696528,10.66530228,-1.327230215,0.840843022
9.655067444,1.840458751,-0.867604375,10.04098988,-1.592966676,0.658730268
9.725244522,1.520579696,-1.265264869,9.709566116,-1.574461102,0.527066171
9.81894207,1.203645349,-1.426345348,9.558603287,-1.191404223,0.507492185
9.868712425,1.15869081,-1.398329377,9.51615715,-0.773922026,0.452309251
9.826726913,1.242668271,-1.53698802,9.725081444,-0.417480886,0.45375514
9.794646263,1.85670507,-1.526540995,10.06818962,-0.458227217,0.838671207
9.44456768,2.234695673,-1.791899204,10.29751682,-0.815428734,1.139056087
9.364694595,2.284181833,-1.869189143,10.63186359,-1.046478748,0.952940106
9.499371529,2.185638666,-1.700211525,10.94094944,-1.074108124,0.787467837
9.53619957,1.813686371,-1.614209175,10.62635899,-1.150053024,0.631788075
9.683193207,1.543144345,-1.344732523,10.01308441,-1.604508877,0.165811792
9.708237648,1.156919837,-1.406764984,9.481373787,-2.433377504,-0.438360453
9.789662361,0.795509577,-1.642552733,9.30807972,-3.472176313,-0.830843329
9.838127136,0.551814675,-1.864551187,9.410788536,-4.329174995,-1.052253962
9.76442337,0.375683725,-1.887670636,9.555504799,-4.610554218,-1.280358195
9.834909439,0.326943398,-1.810591221,9.561796188,-4.202732086,-1.524176598
9.964459419,0.498225182,-1.325140953,9.627763748,-3.552649736,-1.643646836
9.8087883,0.764048815,-1.185211658,9.695045471,-3.058358192,-1.396139979
9.907417297,0.862741172,-1.476321936,9.607570648,-2.784963369,-1.004608512
9.911249161,0.967595577,-1.128641367,9.577322006,-2.727109432,-0.967647254
9.723603249,0.813932955,-0.943855405,9.670825958,-2.571268082,-1.082368493
9.83921814,0.695987344,-1.143855453,9.781780243,-2.305665016,-1.137616038
9.826515198,0.492485881,-1.203700662,9.781432152,-2.203145742,-1.277129531
9.672812462,0.492689013,-1.455857754,9.74256897,-2.278316736,-1.271079302
9.548906326,0.600896001,-1.778753996,10.01283741,-2.999536991,-1.105882645
9.57820797,0.506372929,-1.903554678,9.637363434,-1.993309855,-1.105497003
9.63794136,0.113652058,-1.147075772,9.148153305,-1.025437832,-1.368879795
9.760608673,-1.223878741,-0.141073376,9.282568932,-2.062627077,-2.759961367
10.29881859,-2.423470974,0.181044221,9.832084656,-2.582206011,-3.002561569
10.46308994,-1.968356609,1.40582788,10.21582699,-2.589187145,-3.087016821
10.16621399,-1.791254759,1.757821918,10.18794346,-2.111539602,-2.769449949
10.09302235,-1.036970615,1.882019758,10.08889389,-1.743133545,-2.739464521
10.0381403,-0.163906604,1.488658309,9.942714691,-2.021776438,-2.575303793
9.658997536,-0.617829978,1.591081858,9.702507019,-2.224463701,-2.805299282
10.23819733,2.154188871,-0.78527081,9.509575844,-2.594177723,-2.073376894
9.359115601,-0.332206875,0.491380036,9.533761978,-1.857542872,-1.411750674
9.509450912,1.143357158,-1.948251724,9.605154991,-2.98848176,-1.877611399
9.543610573,0.876985788,-0.242505416,9.921150208,-2.024838209,-1.91900754
10.01207352,0.070739649,0.485847652,9.879616737,-0.927433848,-1.790389895
10.01540565,-0.597363412,0.730989575,9.678545952,-0.727370203,-1.725163221
10.26495647,-0.444713056,1.192719936,9.657621384,-1.075973392,-1.762167454
10.02612305,-0.200446665,1.529752851,9.597062111,-1.386433244,-1.715569258
9.92154789,0.016519284,1.555613995,9.702865601,-1.691108704,-1.768117428
9.737550735,0.13929601,1.365482926,9.748158455,-1.874668241,-1.839578032
9.80003643,0.254790962,1.142588735,9.707055092,-1.857662082,-1.630233049
9.862589836,0.342664987,0.794336617,9.78950882,-1.981325865,-1.410871267
9.77867794,0.307526618,0.548224807,9.78469944,-1.951161027,-1.180812597
9.82059288,0.274080187,0.371160209,9.812460899,-1.881450772,-0.930290878
9.867210388,0.30573073,0.170068681,9.700138092,-2.037127972,-0.832056105
9.867675781,0.513725936,0.043075528,9.516832352,-2.277928829,-0.933885932
9.774043083,0.844906569,0.130366579,9.513949394,-2.285391092,-0.968283892
9.792297363,0.642986357,0.222662732,9.726020813,-2.093096256,-0.888096511
10.02080154,0.389888734,0.210316911,9.767989159,-1.995516658,-0.898926079
9.972654343,0.228972167,0.178425074,9.61655426,-2.043774843,-0.807771981
9.809201241,0.407925427,-0.018772155,9.342668533,-1.892643332,-0.639683008
9.656576157,0.434819311,-0.125303358,9.36999321,-2.065036058,-0.848191142
9.728782654,0.602448702,0.05094038,9.325641632,-2.23848033,-0.955555141
9.652476311,0.986477017,0.101021573,9.215098381,-2.400552511,-0.864361703
9.54770565,1.094055176,-0.010362003,9.280982018,-2.459288597,-0.83113116
9.623687744,1.356204391,0.100436613,9.262371063,-2.684337378,-0.941222548
9.641599655,1.196198821,0.222968787,9.327260971,-2.605360508,-0.928537786
9.609708786,0.638406992,0.246765852,9.442347527,-2.299787998,-0.949616373
9.715593338,0.503672004,0.253309786,9.478586197,-1.989230037,-1.130460382
9.768372536,0.201056242,0.667937756,9.553565979,-1.906043172,-1.377952456
9.924538612,0.142810926,0.79090482,9.527058601,-2.052644968,-1.382540226
9.919969559,0.373839766,0.603550494,9.355033875,-2.19710803,-1.429804921
9.786183357,0.687441587,0.52849263,9.167459488,-2.51448369,-1.378433228
9.592749596,1.070817232,0.419049025,9.067168236,-2.702743053,-1.37445271
9.483470917,1.296723962,0.452550083,8.97720623,-2.89512682,-1.340628147
9.46251297,1.429245114,0.473255426,9.108988762,-2.888097763,-1.03366375
9.544334412,1.152808666,0.297654778,9.485870361,-2.438611031,-0.811933219
9.837597847,0.453925461,0.457269937,9.747160912,-2.013497353,-0.819596052
9.886074066,-0.066383332,0.524567723,9.788459778,-2.012651443,-0.687439442
9.924091339,-0.054064374,0.39977923,9.637627602,-2.220499039,-0.553949237
9.867616653,0.285967886,0.047165979,9.449279785,-2.485033751,-0.483086914
9.774816513,0.550432384,0.008370154,9.320611,-2.639174461,-0.55900383
9.646058083,0.63432622,-0.005540953,9.420004845,-2.629691362,-0.539716184
9.706147194,0.470854491,-0.103499502,9.646755219,-2.478242636,-0.565396309
9.862490654,-0.025974015,-0.013609131,9.867734909,-2.203985691,-0.611792684
10.03863811,-0.421748698,0.171754852,9.814617157,-2.058949232,-0.679297268
10.02797699,-0.906111836,0.186150447,9.670173645,-2.344866991,-0.868508756
9.896048546,-1.365375996,0.308105767,9.166775703,-3.304012299,-1.272674441
9.893256187,-1.375712991,0.303317517,8.274179459,-4.925384998,-1.620602369
9.758452415,-1.575654149,0.410173953,7.726324081,-5.844649792,-1.862861156
9.605332375,-1.301114202,0.828104615,8.551306725,-4.797315121,-2.105848551
9.50334549,0.935476422,1.457301021,9.72714901,-3.788210392,-2.140954971
9.331214905,1.429785967,1.823577404,7.923885822,-7.432690144,-2.615791082
9.085163116,-3.162699699,1.971478462,9.634854317,-4.768431187,-2.283761024
9.889544487,0.233126014,2.640364647,9.510462761,-4.059051991,-2.023048878
10.17386341,-0.981999278,2.509024858,8.981982231,-4.439463139,-1.567705512
10.08339024,-2.197110653,2.089918852,8.885669708,-4.342885494,-1.658527613
10.1500845,-0.966596305,1.753204584,8.376298904,-4.892682552,-2.207891464
10.18524742,-0.911625266,1.491021872,8.491621971,-5.224654675,-1.951213479
9.767942429,0.211548746,1.180022955,8.346473694,-5.883681774,-1.959697008
9.658014297,0.413464844,1.497599363,9.140554428,-5.497075558,-3.081248283
9.909235001,0.663824141,1.9760288,9.189766884,-5.121430874,-3.024883986
9.554151535,0.95845139,2.285043716,8.629983902,-5.391450405,-2.203749657
9.310770988,0.774410367,2.596296072,8.070753098,-5.919136047,-1.892270088
9.43853569,0.91055584,2.95486331,7.453289986,-6.118245125,-1.959993839
9.615422249,0.907957792,3.071327209,7.278511524,-5.89175415,-1.841999054
9.621836662,1.078888059,2.974899292,7.391095161,-5.529580116,-1.798780322
9.662654877,1.272615314,2.68105197,7.457228661,-5.196630001,-1.669297457
9.535162926,1.446175098,1.71423471,7.325526714,-5.139569759,-1.778315306
9.569141388,1.342260361,0.089802384,7.235250473,-5.300397873,-1.972316384
9.418032646,1.705502629,-1.30558157,7.320582867,-5.721240997,-2.13265872
9.332687378,2.828299761,-1.944388151,7.340540886,-6.287860394,-2.276076555
9.516745567,2.646954775,-1.625136375,7.214644432,-6.896673679,-2.452986479
9.455373764,2.196298838,-0.951727927,6.975037098,-7.498382568,-2.687811375
9.589566231,1.960557222,0.416264832,6.795488358,-7.812392712,-2.837856054
9.513005257,1.353366256,1.978404403,6.792946339,-7.89543581,-2.868050575
9.632631302,0.204324186,2.411125422,6.910685539,-7.651715279,-2.982698679
10.07835388,-0.3437967,2.406124592,6.989094257,-6.913976669,-2.762237787
10.41075039,-0.394313812,1.99523747,6.987721443,-6.431289673,-2.47730875
10.50663471,-0.036805131,1.60098505,6.892446041,-6.156197548,-2.118119717
10.29648781,0.862684727,0.519899249,6.938577175,-6.315499783,-2.072852373
9.836691856,1.81474793,-0.58613807,7.2781744,-6.532222271,-2.469578266
9.734146118,2.425657511,-0.957631707,7.64743042,-6.758196354,-2.682049513
9.675999641,2.185894012,-0.907622397,7.711419582,-6.890664101,-2.839945078
9.685762405,1.917772889,-0.265827298,7.716621399,-7.141705513,-2.821132183
9.632025719,1.744592786,0.420591861,7.680492401,-7.321997643,-2.959100246
9.512495041,1.643939376,0.657552421,7.827891827,-7.268087387,-3.071475029
9.486013412,1.562836766,0.55407244,7.905622959,-7.320313454,-3.018753767
9.679558754,1.576920509,0.580951869,7.960998058,-7.61501646,-2.864061356
9.821632385,1.338567019,0.819342077,8.017066002,-7.886443615,-2.673407078
10.12674999,0.740179598,0.699183762,8.130677223,-7.726081371,-2.578497648
10.23486423,0.639974058,0.577682555,8.32023716,-7.494827747,-2.374617577
10.179245,0.899829626,0.41957131,8.474794388,-7.054353714,-2.490918398
9.847374916,1.483476639,0.273237973,8.448633194,-6.626905918,-1.915725708
9.523474693,2.352844,0.1359355,8.488124847,-7.004414558,-2.110472441
9.236773491,2.46444416,-0.038489651,8.718110085,-6.910681248,-1.970846772
9.144227982,2.359517336,-0.006980884,8.585497856,-6.851910591,-1.782825112
9.233679771,2.153058052,0.220929578,8.311012268,-6.886983871,-1.674375057
9.588537216,1.644921064,0.600240409,8.098911285,-7.044416428,-1.594589233
9.862398148,1.084284544,0.759977818,8.084646225,-7.143724442,-1.602392673
9.982536316,1.112875819,0.618849695,8.390307426,-6.87624836,-1.420902133
9.965748787,1.309896588,0.619411588,8.663169861,-6.346321106,-1.254809737
9.919270515,1.160119057,0.824630618,8.797067642,-5.612134457,-1.259052753
9.903360367,1.106940508,0.904046655,8.92579174,-5.1072855,-1.280932426
10.00872326,1.023743033,0.732915461,8.926915169,-4.790706635,-1.455466628
9.863577843,1.165222287,0.464673162,8.902540207,-4.284069061,-1.5400244
9.717235565,1.682263613,0.320570081,8.970906258,-4.313506126,-1.661286235
9.635066986,1.718097568,0.291657537,8.870771408,-4.291873932,-1.602096319
9.556062698,1.662688017,0.22210601,8.658455849,-4.306452274,-1.542449474
9.619047165,1.584807277,0.261847168,8.402706146,-4.240219116,-1.508991599
9.818043709,1.386361241,0.62457931,8.246523857,-3.852528572,-1.427479029
9.851037025,1.022825599,0.660463512,8.22440815,-3.227597713,-1.274214745
9.89556694,0.707370758,0.443284512,8.33479023,-2.673528433,-1.170887828
10.11709499,0.525372148,0.290919513,8.433740616,-2.393467188,-0.906680942
10.21973515,0.575726628,0.318992794,8.376981735,-2.331204653,-0.985082269
10.09270477,0.765663266,0.403354704,8.290530205,-2.23921752,-1.425886869
9.856225014,0.665917039,0.465905875,8.252133369,-1.910452008,-1.072649598
9.687020302,1.534509063,-0.213696569,8.088697433,-1.454076529,-0.5610466
9.814180374,1.394677758,0.577893794,7.92734766,-0.806262374,-0.068762265
9.650266647,1.363120556,0.796770155,7.762583733,-0.242081895,0.220816374
9.562500954,1.802040696,1.674689531,7.694567204,0.121934272,0.333213449
9.252983093,1.919099808,2.113604069,7.783220768,0.348992884,0.299798191
9.275462151,1.558504462,1.820250034,7.987184048,0.297703236,0.244871214
9.499653816,1.533276439,1.519558311,8.119127274,0.106702961,0.439149112
9.668107033,1.232029319,1.150968671,8.221678734,-0.025908127,0.449981898
9.875131607,0.570615649,0.611082137,8.427152634,-0.266910464,0.70397836
10.15156937,0.285913676,0.455677003,8.776679993,-1.150951624,1.045621753
10.08352661,0.224340856,0.55914712,8.569130898,-1.495682836,1.18290925
9.996663094,0.250292927,0.756490827,8.454752922,-1.125784278,1.278265476
9.736852646,0.28992635,0.737147868,8.502516747,-0.857306063,1.712874889
9.50987339,0.557070673,0.565972447,8.274208069,-1.349483252,1.563644767
9.496005058,0.795207024,-0.191615149,8.27347374,-3.647541761,0.018929664
9.897101402,0.897565365,-0.257257402,8.383939743,-5.819748878,-1.31156373
10.17019653,0.368942469,0.087350816,8.444121361,-6.166350842,-1.644228339
10.06608963,0.032941334,0.651387155,8.699557304,-5.496525764,-1.514117122
9.991404533,-0.257992446,0.860063791,8.622785568,-4.540149689,-0.468758404
9.930563927,0.10012722,0.855299294,8.168300629,-3.627774715,0.294097453
9.754444122,0.581695318,1.107970357,7.852384567,-3.171439171,0.35264957
9.601560593,0.508785546,1.099412203,8.007712364,-3.713286638,0.253312588
9.630220413,0.458905548,0.946395814,8.566597939,-5.180780888,0.429549485
9.65964222,0.402903438,0.621474028,8.67547226,-7.000121117,0.742837548
9.690078735,0.175116375,0.336790264,9.198163986,-8.932634354,-0.442839772
9.752511024,0.03787056,0.026420344,9.780207634,-9.400452614,-0.756493986
9.875343323,-0.122789703,0.187241748,9.554507256,-7.994934559,-0.161741614
9.976160049,-0.404949903,0.252992213,9.39949894,-5.954966545,-0.295538217
9.865962982,-0.417880803,0.230493814,9.44800663,-4.072571754,0.116239697
10.09723949,-0.635419846,0.998711288,9.331675529,-3.819308996,-0.277074307
9.804847717,-0.624570906,0.709163368,9.358299255,-4.366303921,-0.874712586
9.870929718,-0.589940131,0.716368735,9.169073105,-4.152092457,-1.506423235
9.744843483,-0.309350997,0.739415407,8.692623138,-2.732719183,-1.523861408
9.902971268,0.000619356,0.94694984,8.244304657,-1.01445961,-1.434484124
9.771336555,0.046012681,0.971857548,8.582005501,-1.149068475,-1.265386224
9.724732399,0.162863389,0.948956072,9.332957268,-1.383986115,-0.321020603
9.855435371,0.227855921,1.188185096,10.1361351,-1.596555829,0.35545063
9.768820763,-0.130853534,1.224175334,11.06845093,-2.692256212,1.325111747
9.495411873,-0.596239507,0.354733497,11.40856361,-3.23433733,1.716024995
10.02884579,-0.587522149,-0.572172821,10.8787775,-2.940271378,1.971135259
10.18630409,-0.758367598,-1.488826752,10.06749249,-2.505268574,1.652217388
9.98876667,-0.797457039,-2.054682016,9.425238609,-2.772089958,1.674713492
10.2023468,-0.904347241,-2.88683033,9.145278931,-3.365105629,1.393911362
10.19292355,-1.734756708,-3.075780392,8.995820045,-3.372038841,1.99263978
10.23878288,-2.226823568,-3.257452965,8.719220161,-3.015312672,1.822700977
10.55151463,-3.074482441,-3.201351404,8.544205666,-2.216161251,1.871662736
10.58168507,-4.439427376,-2.902006865,8.960406303,-1.485073686,1.473858833
10.62436199,-4.545521736,-4.016988754,9.86200428,-1.799731135,1.426751971
10.65427017,-3.387892246,-4.75914526,10.63375854,-2.52111125,0.70770961
10.75915051,-3.315355062,-4.004152775,10.668293,-2.934751987,0.660191536
11.18378925,-1.744567871,-4.404302597,10.66237736,-2.853494167,0.553301394
12.01056099,1.822951555,-4.099280357,10.38938046,-2.423733473,0.331093311
12.02509785,5.276723385,-4.257242203,9.858311653,-1.945851207,0.307351828
11.21331882,7.283425331,-4.336643219,9.19645977,-2.657960415,0.694046438
11.42505264,6.213603497,-3.237146616,8.659150124,-3.393374205,0.436854839
12.06075954,3.659110785,-0.26928699,8.613276482,-3.566898823,0.410840631
10.37671185,-0.197517484,2.026495457,9.082073212,-3.424001455,0.689812899
10.69078445,0.417597353,1.842942834,9.549247742,-3.052317619,0.913797498
13.25627995,8.625049591,1.146255255,9.868362427,-2.423463583,0.956816435
13.72175312,13.32485008,0.556275368,10.08723736,-2.010519028,1.117888212
13.19842911,11.40317631,-0.272622406,10.31651974,-1.518774509,1.631531
13.11937237,8.070296288,-1.295544624,10.49501991,-1.102570415,2.069541931
12.97592926,5.300486565,-1.08376646,10.69012833,-1.157316327,2.289536238
13.00196362,2.911740065,-0.849156201,10.71322155,-1.273884892,1.977436423
13.40659618,1.283360958,-0.902797997,10.63102913,-1.659065008,1.40303719
13.60612774,0.221250132,-1.178881288,10.21418571,-2.418919802,0.57150197
13.52960587,-0.358901441,-1.518547893,9.907456398,-2.901778936,-0.450745106
13.07194614,-0.918325305,-2.360864162,9.648386002,-3.447690725,-1.402009487
12.52209854,-1.027501702,-3.291740417,9.092998505,-4.21641922,-1.473966002
12.12886715,-1.222010493,-3.633547306,8.836448669,-4.280501842,-1.266771317
11.87447548,-1.702856898,-3.124667883,9.173868179,-3.58180666,-0.795932949
11.30776119,-2.353678703,-2.364109993,9.358980179,-3.276040077,-0.51191169
10.59755039,-2.404083729,-1.447472453,9.600337029,-3.099750519,-0.655216634
10.16137886,-1.819489837,-0.562167466,9.443431854,-3.166630507,-0.368968934
9.972646713,-0.885375142,-0.141640604,9.187046051,-3.48271203,-0.062194921
9.824384689,-0.091405258,0.126446709,9.013290405,-3.591588497,0.346237391
9.804382324,0.207053661,0.319321632,8.941673279,-3.640123606,1.110197425
9.813573837,-0.0444295,0.626308739,8.864727974,-3.261191607,1.71562326
9.583771706,-0.523096561,1.152113557,9.013605118,-2.73793745,1.83012557
9.47352314,-0.860505819,1.56020689,9.177629471,-2.514014244,1.379581451
9.521361351,-0.951620102,1.841583371,9.024294853,-2.743204355,1.106247663
9.706295013,-0.836530685,2.076923609,8.640784264,-3.44328618,0.584449708
9.94315052,-0.590774417,2.188190937,8.402049065,-4.233473778,-0.164455444
10.16875935,-0.419902474,2.258495331,8.20277977,-4.728356361,-0.560795069
10.23805523,-0.495507449,2.309463739,8.314220428,-4.835508347,-0.408156633
9.883955002,-0.727739394,2.312788963,8.475502968,-4.120903969,0.333522081
9.397837639,-0.965836227,2.094420671,8.915026665,-3.064138174,1.017685533
9.052810669,-1.252023816,1.960591078,9.395785332,-2.512785673,1.287050724
9.088420868,-1.533778787,1.867675543,9.652655602,-2.367744923,1.027927995
9.330476761,-1.611989975,1.792035103,9.845599174,-2.460413456,0.522963524
9.557738304,-1.49209106,1.632416725,9.821045876,-3.300525665,0.107853413
9.62825489,-1.321852803,1.418433666,9.746542931,-3.343134165,-0.128379107
9.54006958,-1.214559555,1.226356268,9.59739399,-3.270227671,-0.273422062
9.511240005,-1.266759992,1.145669699,9.628445625,-3.3460145,-0.779352367
9.526659966,-1.283208132,0.898175776,9.681559563,-3.111488819,-0.83696574
9.584412575,-1.175684571,0.565703154,9.734255791,-2.802004576,-0.979715288
9.819301605,-0.93944484,0.260319561,9.965662003,-2.555763006,-0.453404039
9.956212044,-0.615853369,-0.00162397,9.919399261,-2.840862274,-0.007274457
10.01383972,-0.434991896,-0.130282506,9.690024376,-2.692093611,0.20372957
10.05191994,-0.495587111,-0.154365659,9.598174095,-2.666174173,0.229028687
10.0031395,-0.643316329,-0.156858847,9.639093399,-2.85083127,0.399480343
9.986745834,-0.778165698,-0.138374165,9.334573746,-2.939682722,0.246356025
10.19568539,-0.769946754,-0.121106498,9.530034065,-2.650771141,-0.309593141
10.34564781,-0.573068619,-0.248745009,9.988687515,-3.324656248,-0.47557956
10.29546928,-0.318271607,-0.278328598,9.510452271,-4.46351862,-1.067580819
9.992218971,-0.083486177,-0.164285064,8.864216805,-4.977633953,-1.761275411
9.549279213,0.02638202,-0.146566957,8.505030632,-5.044341087,-2.28810668
9.121377945,0.012998269,-0.241483539,8.440826416,-5.391695023,-2.392112732
8.840755463,0.048882104,-0.2175311,8.232953072,-5.467362404,-2.428451777
8.694783211,0.38692528,-0.359921455,7.977547169,-5.464474201,-2.427052259
9.03686142,0.69652617,-0.479990929,8.031825066,-5.317503452,-2.19059968
9.598267555,0.94969219,-0.549206913,8.250563622,-4.882203102,-1.98920989
10.10847569,1.24728322,-0.582229614,8.47334671,-4.686876297,-1.532958627
10.15042877,1.515861392,-0.385675102,8.606841087,-4.782287121,-0.350397706
9.840128899,1.541222572,-0.127581567,8.570151329,-4.509481907,0.188963324
9.443510056,1.299462557,-0.001005433,8.596678734,-4.107905388,0.558724284
9.217036247,0.970466852,0.064442307,8.513695717,-3.784502983,1.009564519
9.226149559,0.716023564,-0.025163505,8.713060379,-3.493070364,0.667994618
9.496581078,0.837836564,-0.239406973,8.984965324,-3.230902195,0.79145658
9.89440918,1.374682903,-0.462833464,9.145697594,-2.921488762,0.671398699
10.19783401,2.1433568,-0.534258306,9.391420364,-2.328406572,0.395653635
10.37110424,2.744616508,-0.756768048,9.778698921,-1.707569242,0.133682817
10.45274067,3.061795712,-0.90017271,9.840212822,-2.183112144,-0.4190256
10.35747623,3.206153154,-0.950562477,10.05680466,-2.306729078,-0.805874884
10.21900177,3.32221365,-1.002724528,10.10909367,-2.377918243,-1.280649781
10.20008564,3.479085684,-1.027478814,10.17917442,-2.697223425,-1.517169714
10.2549715,4.059370518,-1.044319034,10.01057625,-3.117561579,-1.582974315
10.96321678,4.122601509,-1.465100408,9.839625359,-3.250451565,-1.494744062
10.94192314,3.161705256,-0.89881736,9.841219902,-3.100368023,-1.211290836
10.47420406,2.33440733,-0.592113376,9.809765816,-3.019685268,-1.155943155
10.06373978,2.213963985,-0.510907471,9.574333191,-2.755232573,-0.754033148
9.825108528,2.704425097,-0.674614012,9.150766373,-2.877168417,-0.296961159
10.03759193,3.216879606,-1.006522298,8.85614872,-3.14018774,0.156897366
10.28464317,3.308768988,-1.150250912,8.776661873,-2.834820509,0.368058294
10.32143974,3.02566123,-1.242264152,8.985365868,-2.411982059,0.841795146
10.08818817,2.677951097,-1.179720402,9.24007988,-2.370108604,1.169102192
9.905809402,2.610009193,-1.068554759,9.36109066,-2.301623583,1.865382433
9.799895287,2.637815714,-1.001398802,9.347986221,-2.245304108,1.497940898
9.739095688,2.372171164,-1.129015088,9.351293564,-2.657275915,1.262888551
9.682781219,1.914146423,-1.299779773,9.136105537,-3.384807825,0.962390542
9.701374054,1.560134411,-1.541002512,8.736123085,-3.993510723,0.552575052
9.845022202,1.529280782,-1.740858793,8.356502533,-4.376491547,0.426714063
10.04190063,1.847227812,-1.783171177,8.069820404,-4.868650913,-0.090448566
10.16959476,2.403423309,-1.783426404,7.974081993,-5.106358528,-0.536846578
10.19258213,2.810862541,-1.880678892,8.242233276,-4.688892365,-1.047839761
10.06252193,2.85152936,-1.937181234,8.963243484,-4.040218353,-1.082586408
9.890763283,2.624521255,-2.152626276,9.941539764,-2.383252382,-1.260996461
10.03644085,2.998773098,-3.256860733,10.69326401,-1.331662774,-0.747037053
10.01398849,3.543649673,-3.429633141,10.96587181,-1.374966025,-0.987954497
10.01912594,3.376137257,-3.931886196,10.62068272,-1.792665243,-1.203700662
9.924476624,2.941304207,-3.218501568,10.05347252,-2.518891335,-1.180949211
9.601704597,2.959541082,-2.232947826,9.606851578,-2.849456072,-1.049218416
9.451577187,3.16723609,-1.965863943,9.367346764,-3.110575676,-0.250465631
9.399682045,2.885387182,-1.872294426,9.193517685,-2.795743704,0.386342674
9.312630653,2.320968151,-1.874264836,8.875631332,-2.625806332,0.675110579
9.24635601,1.911190748,-1.729878783,8.639734268,-2.759418011,0.817520857
9.3278265,1.586364388,-1.701801419,8.622345924,-2.670167685,0.635915816
9.440308571,1.717217684,-1.747800827,9.435962677,-2.27147007,0.886662126
9.318939209,2.665613174,-1.804466844,10.27131653,-1.102840185,0.983218014
8.994208336,3.553891897,-1.888630509,10.24008465,-1.840380192,1.096764565
9.373916626,2.619740248,-2.286156893,10.05390549,-1.660032034,1.004585624
9.472389221,1.870816469,-2.271285295,9.923933029,-1.861066103,0.621908486
9.328061104,2.007399797,-1.958838224,9.830469131,-2.576592207,0.346399009
8.976053238,2.722977877,-1.745914221,9.516389847,-3.164400339,0.172042474
8.838218689,3.224498034,-1.601890326,9.150244713,-3.446232319,0.109978408
8.902357101,3.441454172,-1.415344238,8.952721596,-3.496493578,-0.011399682
9.084033966,3.413927794,-1.278217912,8.916096687,-3.41376853,-0.429046214
9.231659889,3.385628223,-1.079441786,8.959830284,-3.348272562,-0.452972531
9.396230698,3.363880634,-1.131808519,9.183610916,-3.315517902,-0.36709559
9.324568748,3.360728502,-1.257681966,9.240557671,-3.357046604,0.011115904
9.250058174,3.241466045,-1.474276543,9.145119667,-3.099339724,0.570418477
9.394410133,3.084948063,-1.767390013,9.156439781,-2.906867266,0.655614734
9.320113182,3.089107752,-1.830131054,9.277755737,-2.935686588,0.975069046
9.24623394,3.105698586,-1.872796893,9.195725441,-2.819564104,0.912701726
9.202324867,3.310864449,-1.821424603,9.371232986,-3.00383687,-0.163523287
8.964548111,3.469142914,-1.504482746,9.587863922,-3.220120907,-0.707193255
8.753209114,3.480243444,-1.248174071,9.337428093,-3.364130974,-1.103884101
8.811722755,3.582186699,-1.113228917,8.925349236,-3.745892286,-1.272571921
8.929416656,3.586055994,-1.115872145,8.548658371,-3.664292336,-1.033123732
9.251678467,3.599205971,-1.283690095,8.404232025,-3.507414818,-0.915496349
9.496269226,3.635394812,-1.53629601,8.631960869,-3.234660864,-0.599251747
9.45199585,3.842776775,-1.617799401,9.100001335,-2.701231003,0.003846345
9.089984894,4.088068485,-1.430344343,9.324489594,-2.49191165,0.490861028
8.760259628,4.187465668,-1.273018122,9.67537117,-2.169223547,0.693865478
8.63657856,4.095501423,-1.16405797,9.964570999,-1.518034339,0.790991843
8.704379082,3.978842258,-0.990907311,10.23956966,-1.376464128,0.777663291
8.805256844,3.910887957,-0.898917854,10.32638645,-1.455809236,0.533475339
8.878655434,3.855921745,-0.878416061,10.30539227,-1.664600253,-0.000168696
8.961146355,3.900815964,-0.904199183,10.0695343,-2.119386435,-0.393835247
9.041467667,4.049227715,-0.923867285,9.645666122,-2.843138218,-1.046030283
9.123403549,4.187691212,-0.985464394,9.275443077,-3.26781249,-1.542440414
9.193253517,4.325881004,-1.015313864,9.033956528,-3.161450148,-1.722958446
9.210406303,4.382994652,-1.103521705,9.21400547,-3.12607193,-1.750538111
9.167082787,4.393098354,-1.14494288,9.419026375,-2.506169558,-0.986294806
9.043968201,4.430805206,-1.212719798,9.627523422,-1.903970838,-0.39792946
9.026463509,4.496067047,-1.340338588,9.747387886,-1.746294618,0.250824332
8.943101883,4.585739136,-1.272507906,9.704081535,-1.753108621,0.830375373
8.873238564,4.801308632,-1.156542301,9.547941208,-1.68372035,1.399332047
8.875757217,5.039569378,-1.085940719,9.41385746,-1.551176786,1.430630684
8.836657524,5.21127367,-1.089894414,9.410438538,-1.700169563,1.159849167
8.848314285,5.269124508,-1.129748464,9.296260834,-1.958287597,0.812477887
8.961343765,5.187224388,-1.142774343,9.059691429,-2.344919682,0.310052544
8.80682373,5.256767273,-1.044427276,8.977614403,-2.685470104,0.0916522
8.821728706,5.381226063,-1.254631877,8.978399277,-2.946706057,-0.06264174
8.861697197,5.365134239,-0.943542123,9.041995049,-2.856689453,0.056485821
8.61516571,5.303610325,-0.902148724,9.266535759,-2.445954561,0.277787685
8.454845428,5.173118591,-0.839054942,9.589607239,-1.997488141,0.666066945
8.380418777,5.002802849,-0.899387836,10.02322102,-0.792559862,0.985516131
8.375181198,5.018599033,-0.978834331,10.54202843,-0.192038894,1.115905762
8.377925873,5.226531029,-1.004060149,10.68105125,-0.138897777,1.700194716
8.391225815,5.488594055,-1.06878078,10.47733212,-0.296064854,1.6353724
8.518346786,5.767079353,-1.100587368,10.02478218,-1.007622361,1.858390212
8.579339981,6.075471878,-1.168810487,9.330064774,-1.73086524,2.11729002
8.578055382,6.374945164,-1.143205285,8.86581707,-2.203548193,2.125074387
8.448049545,6.590889454,-1.235294819,8.855439186,-1.918646574,2.062312126
8.238694191,6.667625904,-1.365846992,9.203558922,-1.84275651,1.912356138
8.018624306,6.668528557,-1.454878688,9.471853256,-1.619072914,2.083292723
7.827401638,6.666946411,-1.51818037,9.711231232,-0.864282727,2.227333069
7.708537102,6.72308445,-1.520810127,9.913101196,-0.727583289,2.028511524
7.724065304,6.638965607,-1.504373789,10.04910564,-1.157539606,1.463482499
7.408973217,6.712508202,-1.358462691,9.735071182,-2.186442137,0.715920985
7.506459236,6.97376442,-1.578096628,9.492513657,-2.846343279,0.215873852
7.551586628,7.133822918,-1.60484302,9.274902344,-3.228779793,0.034724388
7.670194626,7.200182438,-1.682411671,9.009338379,-3.371587038,-0.115022264
7.685115337,7.13219738,-1.689016104,8.958363533,-2.850781679,-0.175570697
7.595662117,7.13226223,-1.72094965,9.175192833,-2.750477076,0.018423893
7.552980423,7.119612217,-1.767060161,9.294945717,-2.645883322,0.192813069
7.484905243,7.003958225,-1.810427666,9.425587654,-2.322637558,0.268402964
7.451176643,6.855392933,-1.844466448,9.489542007,-2.237981558,0.311648011
7.431695938,6.689420223,-1.815422773,9.589346886,-2.327183723,0.420962483
7.452309608,6.568827152,-1.858510017,9.740244865,-2.137233734,0.672896922
7.51530838,6.444550514,-1.921277404,9.933010101,-1.736007214,0.67726481
7.495207787,6.35415554,-2.042221069,9.981983185,-1.653709412,0.608593404
7.663891315,6.169508934,-2.056797028,9.827932358,-1.845964193,0.703264415
7.767620087,6.110609531,-2.053411007,9.51391983,-2.159413099,0.552402556
7.954008579,6.272518158,-2.097260475,9.216162682,-2.595773458,0.462812275
8.067602158,6.347373009,-1.983798623,9.007666588,-2.875656366,0.49051252
8.124941826,6.467514515,-1.950550556,8.889211655,-3.231701851,0.460866064
8.115538597,6.538414001,-1.934879303,8.888933182,-3.206778526,0.298482269
8.030943871,6.514234543,-1.969674826,9.07148838,-2.888710022,0.437666148
7.983291626,6.365286827,-2.061959028,9.210775375,-2.426990986,0.557831645
7.835314274,6.136472702,-2.171597004,9.465542793,-2.298307896,0.429095864
7.711535454,5.864336014,-2.211420774,9.662614822,-2.317439079,0.291468233
7.574107647,5.603736401,-2.083215714,9.670232773,-2.017382383,0.285197407
7.344545841,5.338870525,-1.855077028,9.77509594,-1.707233071,0.535431206
7.104385376,5.149081707,-1.935536385,9.785905838,-1.621034026,0.994198084
6.93594408,4.858697891,-1.978379726,9.692656517,-1.956814528,1.056367278
6.847536564,4.605302811,-1.890144587,9.526116371,-2.038992643,1.073759198
7.072383881,4.576503754,-1.762782454,9.227931023,-2.051377296,0.66125077
7.5424757,4.758825302,-1.509551406,9.055342674,-2.790345907,-0.083407767
8.04328537,4.959487438,-1.280486465,9.095158577,-3.095845461,-0.5920434
8.489882469,5.062900543,-1.235256195,9.347472191,-2.97202301,-0.44443503
8.706578255,4.932690144,-1.255261302,9.332154274,-2.775323868,-0.027416781
8.680754662,4.595794201,-1.267845035,9.19299984,-2.364655256,0.21423772
8.606283188,4.198147297,-1.398513198,9.19124794,-2.153416157,0.347909808
8.545734406,3.643166542,-1.505894661,9.365604401,-1.974811912,0.198224902
8.544034004,3.20241189,-1.572350502,9.647228241,-1.872842312,0.01287738
8.560844421,2.772996187,-1.724818826,10.51169491,-0.499354631,1.018050075
8.571613312,2.251019001,-1.604215622,10.29051781,-0.860783815,1.385112047
7.935055733,1.507740498,-1.477582216,10.02174187,-1.120638967,0.929989755
7.717561245,1.170621872,-2.106974125,9.744052887,-1.802458763,0.163765833
8.099964142,1.093956828,-2.22754097,9.4715271,-2.599129438,-0.452516586
8.583295822,1.546958804,-2.189247131,9.347074509,-2.542319298,-0.457392186
9.149781227,2.757683277,-2.431612015,9.281536102,-2.090844631,-0.359765619
9.694148064,3.855114222,-2.488410473,9.335740089,-1.767106891,0.192798242
9.881752968,4.476864338,-1.80113852,9.560336113,-1.273329854,0.905874908
9.619506836,4.896898746,-1.209616184,9.84180069,-1.23647511,1.696455479
9.146374702,4.83491993,-0.635205925,9.258891106,-1.495305419,1.020665288
8.575406075,4.079268932,-0.37376076,9.858837128,-2.231441498,0.974799335
8.030420303,2.674288034,-0.379462332,9.623316765,-1.567785144,1.687949538
7.347547054,1.037756324,-0.584108233,9.362460136,-1.565001845,0.366377175
7.036606312,-0.278490722,-1.164996743,9.271263123,-1.917362928,-0.556716204
7.276144981,-0.958276033,-1.124284863,9.564374924,-2.293069839,-0.776474357
7.694807053,0.31059441,-0.787027657,9.658102989,-1.887341619,-0.042158179
8.905451775,2.18205142,-0.733159661,9.518803596,-1.545484066,0.506390154
8.86046505,2.890728712,0.020026863,9.319500923,-1.34465909,0.76096046
8.483535767,2.570120335,-0.442802489,9.167401314,-1.686116695,1.052209854
8.388280869,2.431181192,-0.643033087,9.62389946,-1.013161778,2.145114422
8.447992325,3.192364454,-1.006081104,9.371186256,-0.552115679,2.267738819
9.003386497,4.521521568,-0.746801436,9.458052635,-0.672884703,2.307073832
9.513958931,5.618561268,0.19285953,9.507613182,-1.045701504,1.794461846
9.59705162,6.132973194,0.760872662,9.461435318,-1.662042022,0.440465957
9.161533356,5.508058548,0.943262041,9.568393707,-1.769690871,-0.717740357
8.917153358,4.952118397,0.475793928,9.689025879,-1.630074978,-1.40087533
8.984521866,4.949925423,-0.115170464,9.700895309,-1.552342772,-1.428625584
8.483768463,4.296959877,-0.746949077,9.732073784,-1.334378362,-0.975418687
8.493806839,3.729171038,-0.94925189,9.493591309,-1.006527185,-0.064874619
9.142435074,3.687396288,-0.686389983,9.340719223,-0.534584224,-0.127271175
9.640045166,3.639917612,-0.335793614,9.436469078,-0.095572673,-0.795587778
10.47620296,3.647216558,-0.116084754,9.938171387,0.054842096,-0.749247789
10.56709862,2.906208515,1.009935141,10.16188622,0.505798519,0.241920546
9.651639938,2.79436779,0.924928188,9.777803421,0.384309649,0.265530229
9.804507256,3.985485315,-0.217533961,9.864578247,-0.18829152,0.430638403
10.98009014,4.093749046,0.252699971,9.635269165,0.000495454,0.854851484
11.54635143,2.565377235,1.13978219,9.375557899,0.035756107,1.051929116
10.78512478,2.092958689,0.814192295,9.208721161,-0.544454217,0.245388657
10.36932755,2.037044048,-0.252566248,9.460065842,-1.027917981,-0.916522563
10.97438049,1.102872729,-1.78646493,9.778360367,-0.758598268,-1.156282544
10.74903488,0.359947234,-0.870513856,9.237182617,-0.19201158,-1.166417599
9.989235878,1.260753512,-2.546784639,9.058856964,-0.192640603,-1.762815952
9.97929287,1.572318792,-3.452238321,9.105967522,-1.037109971,-2.970216513
9.790040016,1.58671546,-4.207425117,9.487722397,-1.280972362,-3.211344719
9.933814049,1.20489502,-4.095933437,10.17003536,-1.174688816,-2.989493608
10.06481934,2.115456581,-3.030956268,10.42784691,-0.354230076,-2.722717762
10.06475067,2.848395586,-2.430453777,10.6210146,0.525316,-1.325902343
10.67887878,4.255984783,-2.074851751,11.42349052,-0.763004661,-0.077574179
10.49876404,4.984572411,-1.43365252,12.30524158,-1.637389183,1.431418657
9.754610062,4.412212849,-0.807997942,13.06101131,-1.102890491,2.902535439
9.096465111,3.75284791,-0.325972587,13.00494671,1.086063266,3.724494219
8.802510262,3.241881132,-0.060935989,13.3327322,2.261972904,1.522788286
8.51382637,3.460837364,0.49254626,13.79094887,3.090011358,2.843898535
8.731174469,3.414338827,1.13124001,15.35954475,3.286640882,3.652896166
9.545057297,2.730733156,2.494613647,14.24291992,-4.551882267,4.245407581
10.04059792,2.018926144,3.362768888,12.80864334,-4.732459068,3.573535919
10.39541817,1.247472048,3.419834375,11.33064842,-5.366744995,0.694632769
10.53342628,0.642571867,3.360704899,10.24273777,-6.001729488,-1.453485966
10.53005505,0.479601383,3.183007717,10.13072491,-5.354912281,-2.208388567
10.31152344,0.385805488,2.40032506,10.31441498,-4.803218365,-2.313494682
10.02329636,0.643330336,1.316730261,10.47350693,-4.920207977,-2.413171768
9.842963219,1.368711829,-0.330516785,10.93210602,-5.715220928,-2.359828234
9.945694923,1.860688925,-1.947314024,11.4008522,-7.063937187,-2.879131079
10.27696133,1.449838758,-2.45614624,11.53331566,-7.372542381,-3.957073212
10.66488838,1.046141267,-1.886788249,11.71938705,-5.736886978,-4.838728905
10.98453426,1.131143212,-0.697278798,11.68152046,-3.944827557,-5.163772583
10.6299963,1.621793151,0.333653927,11.60758018,-3.112106562,-4.893190384
9.774848938,2.631130219,0.729171872,11.96554375,-3.398970366,-4.266404629
9.289710045,3.619379997,1.052416086,12.01376534,-3.582070112,-3.593179464
8.984814644,4.037714958,0.666449845,11.53668976,-2.462414026,-3.404878855
9.393665314,3.094460249,-0.202353314,10.65334415,-0.294412881,-3.207024097
9.774916649,1.572270036,0.190329835,10.12722111,1.187908888,-2.456634045
9.758663177,1.089327931,-0.328346193,9.908658981,0.737510622,-1.766857862
9.881524086,1.107699871,-0.502660692,9.98381424,-0.936862588,-1.187713623
9.983112335,0.789044261,-0.58650738,10.20398617,-1.775346041,-0.9778651
9.917509079,0.65008086,-0.529735923,10.48958397,-1.651113749,-0.909122527
9.733604431,1.158007622,-0.711131632,10.40729046,-1.301833153,-0.582716227
9.628320694,1.693242908,-0.725165367,9.909967422,-0.953398526,-0.039587483
9.537807465,1.905680299,-0.505737782,9.392907143,-0.470880866,0.701794326
9.542471886,2.065252304,-0.151606888,9.044953346,-0.142108172,1.266384721
9.461695671,2.237433195,0.199197143,9.006842613,-0.102047309,1.534312844
9.50740242,2.202586889,0.53632921,8.942370415,-0.156657785,1.424283981
9.534806252,2.099255085,0.927320421,8.904977798,-0.128090248,1.319458485
9.601694107,1.906594515,0.935822666,9.057273865,0.028931122,1.769388437
9.805339813,1.49924922,1.016179323,9.341817856,0.357515782,2.416066647
9.824794769,1.344041467,0.957359433,9.719763756,0.482597649,3.004321337
9.936826706,1.610919118,0.591530085,10.01174068,0.190256253,3.429093361
9.628317833,1.706613779,-0.095038965,10.05773544,0.201929718,3.779652357
9.567079544,1.718177915,-0.343043268,9.800257683,0.811090708,4.121168137
9.607555389,1.90566957,-0.454570264,9.313796043,1.508652449,4.178850174
9.569119453,2.029006958,-0.726457298,8.633173943,1.911271453,3.926890373
9.631374359,1.975862384,-0.979115367,8.061444283,2.073683739,3.41206789
9.531803131,1.881864309,-0.755109847,8.052365303,1.990751624,2.831416368
9.184814453,2.027079582,-0.537577569,8.798008919,1.628013611,2.590720415
8.790115356,2.719810724,-0.765604496,9.704203606,1.015801072,2.672307968
9.07798481,2.530890942,-1.489518404,10.36083126,0.419936776,2.96501255
9.494502068,1.31966877,-0.663532972,10.5196228,0.34928,3.649271727
9.642002106,0.514041066,-0.520742774,10.23417282,0.761100292,4.223526955
10.37945938,0.557349026,0.144960225,9.686992645,1.631361961,4.433115482
10.60142517,0.71262908,0.113585085,9.196033478,2.3885777,4.347950459
10.40098572,1.191734672,0.105150186,9.117493629,2.739893913,3.996562004
9.817515373,2.438905001,0.189671516,9.678435326,2.68188858,3.83848834
8.845495224,3.459947348,-0.063635446,10.73927021,2.25823617,3.675784349
8.673872948,3.703914642,-0.311584949,11.41987324,1.505739808,3.463189602
8.982226372,3.303012609,-0.511711299,11.3885746,0.661544442,3.433214903
9.377071381,2.657633066,-0.50299567,10.85655403,0.057727598,3.305977345
9.774989128,1.609325528,-0.795654058,10.31824493,-0.011862267,2.850419521
10.07785606,1.334689617,-0.826973796,10.19957733,0.136924744,2.287782431
10.19693184,1.602080584,-0.815883279,10.33319378,0.002814483,1.920530438
10.09474945,1.476542711,-1.005528212,10.25636959,-0.334879041,1.610684514
10.23000526,1.463537574,-1.087698579,9.937051773,-0.533890307,1.275373578
10.16832066,1.418906927,-1.368372083,9.676074982,-0.521413267,0.774498224
9.961777687,1.493894339,-1.632270217,9.919928551,-0.582376361,0.328894675
9.228899956,2.387798786,-1.618534207,11.10844421,-0.799471796,0.052677561
8.539204597,3.232283354,-1.706246614,12.61226749,-1.507299423,0.039746564
8.606063843,3.051394939,-1.488735676,13.20873737,-2.204805136,0.345596462
9.133725166,2.747018337,-1.191272497,12.61878777,-2.3330338,0.747493327
9.461550713,2.609817266,-1.261236787,11.63033581,-2.38061285,0.858128607
9.709282875,2.412488937,-1.087121248,10.82027435,-2.75146246,0.752092838
10.00354767,1.932100773,-1.082076192,10.1309557,-3.000378609,0.59632355
10.24454975,1.086490512,-0.945548952,9.684368134,-2.638748884,0.208463445
10.57518005,0.677942216,-0.800422192,9.547216415,-1.933499217,-0.328901142
10.66990089,0.821895957,-0.603899062,9.664199829,-1.296848774,-0.796466649
10.23458099,1.512017965,-0.525842011,9.911458969,-0.988544524,-1.02281177
9.554805756,2.11900115,-0.659401894,9.994511604,-1.096140623,-0.81773746
9.149782181,2.682430267,-0.712222576,10.04707527,-1.233348012,-0.493540317
8.702658653,3.474153757,-0.770311892,10.55428314,-1.177559495,-0.303507954
8.387015343,3.833574295,-0.943172574,11.20228195,-1.063181162,0.245676368
8.463638306,3.532826424,-1.199368954,11.66812706,-1.729344606,0.608098447
8.931033134,2.779974699,-1.382702947,10.82497406,-0.281971484,0.156917319
9.442993164,2.092719793,-1.238617539,9.803762436,1.091444969,-0.175805554
9.877551079,1.427643061,-0.918726742,9.299939156,-0.447148919,-1.397678733
10.30402279,0.846625566,-0.67184341,9.904397011,-1.42563355,-1.861841321
10.42498589,0.574708223,-0.534219623,10.35887909,-1.417599082,-1.321648002
10.27202225,0.266638517,-0.348399192,10.28125,-1.614373446,-0.99347508
10.07806587,0.098523572,-0.278447032,10.23013973,-1.894856453,-1.297577858
10.05927563,0.247474909,-0.466294914,10.39734268,-1.919255733,-1.568471432
10.0895853,0.299273789,-0.490360737,10.53554916,-1.801652074,-1.615917802
9.927547455,0.446452528,-0.631822765,10.59574318,-1.390596867,-1.368967414
9.825234413,0.675045848,-0.755295694,10.46414185,-1.131710529,-0.980391443
9.943717957,0.813251793,-0.960508406,10.20234394,-1.016231656,-0.895009041
10.10738564,0.73226583,-1.143806696,10.15271854,-0.895547986,-1.065998197
10.20554161,0.573002517,-1.042832732,10.15347481,-0.792045593,-1.264250994
10.25664806,0.439697176,-0.865213454,10.03009987,-0.944084942,-1.446738124
10.17664242,0.349129915,-0.525364697,9.963912964,-1.07228148,-1.624008179
9.984554291,0.482396215,-0.038081676,10.07011986,-1.105620503,-1.746675849
9.729769707,0.289571315,0.249834388,10.13362503,-0.892608583,-1.791343808
9.584755898,0.457914174,0.509415329,10.16718388,-0.656797528,-2.070075989
9.633535385,0.738906562,0.471770793,10.04637814,-0.849357724,-2.318050861
9.573292732,0.90533638,0.309147328,9.807957649,-1.071992755,-2.250730276
9.707677841,0.897315443,0.210121498,9.653614998,-1.040233493,-1.891234398
9.84578228,0.652665377,0.342289567,9.522492409,-1.018495202,-1.679713845
10.03657818,0.346857041,0.513171256,9.506538391,-1.202303052,-1.738607526
10.33377457,0.048543345,0.635781527,9.47810173,-1.266405702,-1.754856586
10.36351967,-0.097116515,0.720858455,9.498035431,-1.206972361,-1.67837739
10.21024799,0.384180516,0.840178788,9.443630219,-1.20007658,-1.791632175
9.838441849,0.842356503,0.55810082,9.463515282,-1.123943806,-2.018436909
9.601084709,1.071269751,0.311021805,9.51074028,-1.136072993,-2.178073645
9.324016571,1.512009263,0.131644428,9.400795937,-1.255556822,-2.291389942
9.178761482,2.141096115,-0.156098872,9.448577881,-1.31475389,-2.383011341
9.146146774,2.271472216,-0.45666793,9.762987137,-1.281678081,-2.364540339
9.298598289,1.94030261,-0.509475231,9.918424606,-1.287857652,-2.306967497
9.689886093,1.452949286,-0.572852969,9.808590889,-1.498673916,-2.167063713
10.15838432,0.879923463,-0.208537579,9.569945335,-1.780835509,-2.114799738
10.35993862,0.454071105,-0.219661072,9.601013184,-2.268621206,-3.055467606
10.72670269,-0.748049676,-0.405319929,9.782010078,-2.816937208,-3.525973558
10.57034016,-1.063790441,-0.220115021,9.966924667,-2.347622156,-2.960125208
10.28238392,0.218871728,-0.176770419,9.815410614,-2.060042858,-2.733268976
10.04585457,0.737340987,-0.393951952,9.700780869,-2.145032167,-2.710348845
9.672963142,1.068173289,-0.713852763,9.469357491,-2.425670862,-2.533268452
9.387028694,1.490098596,-0.920108855,9.202529907,-2.721465826,-2.342218876
9.226540565,1.893756151,-1.024824739,9.063817978,-2.807126284,-2.321663618
9.298504829,1.834567308,-0.817165077,9.158350945,-2.678347349,-2.393263102
9.445585251,1.304043293,-0.424414426,9.260884285,-2.162844419,-2.525408506
9.906997681,1.178506732,0.016588643,9.239398956,-2.191894054,-2.758526087
10.1018095,0.64113152,0.330782652,8.977573395,-2.388726711,-2.636629105
10.08756828,0.602174997,0.486823946,8.71938324,-2.141998053,-2.6063416
10.04972553,1.051287651,0.477250457,8.535283089,-1.864352584,-2.47249341
9.929704666,1.13218534,0.341673642,8.707127571,-2.09241581,-2.346287489
9.391814232,1.176540613,0.078660786,8.797532082,-2.222352028,-2.462635279
9.158400536,1.472509027,-0.110816002,9.131545067,-2.545104742,-2.593407869
8.876703262,1.390556693,-0.09659192,9.380452156,-2.878108263,-2.53361702
8.886774063,1.377376795,0.350668579,9.250845909,-3.575372458,-2.430903673
9.098473549,0.68670249,0.954632878,8.820389748,-4.051968575,-2.284610748
9.757480621,0.135213166,1.917748213,8.827516556,-4.240166664,-2.315572977
10.25065804,-0.376882881,2.411504745,8.865869522,-4.098767281,-2.211105824
10.72278881,-1.360746384,2.758386612,8.857232094,-3.936857462,-2.083521605
10.88952255,-1.873281956,2.765776873,8.831933975,-3.688637733,-1.944010496
10.73839664,-1.755452991,2.582915545,8.807476997,-3.02131319,-1.851992846
10.65687656,-0.97055608,1.856006861,8.873497963,-2.393497705,-2.120148659
10.51329899,0.20142062,0.892013073,9.234659195,-2.264400959,-2.094949007
9.715354919,1.372866273,0.342633992,9.642500877,-2.336505651,-1.914331436
9.089611053,2.340758562,-0.12029022,10.02208614,-1.802062154,-1.905588508
8.803923607,3.521321774,-0.141322061,8.989283562,-3.496397734,-2.216873169
9.027019501,2.012486458,-0.223414272,9.858515739,-2.115542889,-2.359452724
9.412970543,3.305638552,0.279510379,8.472426414,-4.93187952,-2.721060514
9.945292473,-0.586564183,0.407938987,9.334449768,-4.906275272,-2.810650587
9.889959335,-0.350099087,1.237095594,8.878246307,-4.191125393,-2.820432901
10.76359177,-0.218013927,1.693229079,9.679738998,-3.019046545,-2.903406143
10.61642838,-0.031551167,2.253399372,8.649436951,-3.605044127,-2.770537138
10.80723286,-0.821077883,2.02063179,8.134727478,-5.611902714,-3.106551886
9.693646431,-1.482030153,1.338294625,9.304940224,-2.937443256,-2.89902091
9.521026611,2.792533159,1.064197183,9.467761993,-2.825987339,-2.884359121
8.935172081,3.115958929,0.597647071,9.281664848,-3.154492378,-2.802491426
8.622190475,2.433323622,0.613582194,8.832243919,-3.605280876,-3.488574743
8.607666016,2.414100647,0.690890968,8.37125206,-3.867018938,-4.04298687
9.152178764,1.798095107,0.840355992,8.177656174,-4.229184628,-4.29269886
9.55999279,1.382540464,1.197381258,8.036846161,-4.499222755,-4.164650917
9.874217987,1.131363034,1.409776807,8.253530502,-4.171215057,-3.483671904
9.923388481,1.329417467,1.207526326,8.347218513,-3.689587831,-3.133442402
9.971940994,1.779646516,0.770914972,8.563002586,-3.408438206,-2.930824518
9.757285118,2.224290371,0.190135226,8.777539253,-4.140157223,-2.512571573
9.486572266,2.427395105,-0.265322,8.573766708,-5.157566071,-2.474719286
9.341239929,2.319051981,-0.736469805,8.277933121,-5.490409851,-2.59505558
9.301311493,2.330455065,-0.878417134,7.980443001,-5.265079498,-2.114700317
9.090613365,2.666903019,-0.949543417,7.856487751,-5.184859276,-1.746807456
9.074426651,2.827852726,-0.735805452,7.985779762,-5.046456814,-1.512950063
9.623849869,2.523837805,0.161313131,7.852427959,-4.998124123,-1.410489798
10.12186241,1.564811468,1.397366166,7.482219219,-5.325343609,-1.495031476
10.25909138,0.809363604,2.175944567,7.301393509,-5.732458591,-1.686941981
10.22338009,0.24875854,2.107828617,7.37448597,-6.176086426,-1.894888997
10.22186565,0.347385079,1.67139864,7.458216667,-6.669240952,-2.361024141
10.19402027,1.048408031,1.16194427,7.272096634,-7.12582922,-2.71953392
9.738918304,2.032068968,0.640686333,7.11173439,-7.371906281,-2.627250433
9.189985275,3.190693855,0.171363339,6.821649551,-7.739501476,-2.475621223
8.715293884,3.971974373,0.049674395,6.885744572,-7.892314434,-2.849250078
8.394071579,4.163492203,0.01333515,7.192594528,-8.351066589,-3.257560968
8.416254044,3.757527113,-0.087528229,7.264273643,-9.1102705,-3.51461482
9.044902802,2.798081398,0.178462014,7.096515656,-9.596179962,-3.665003061
9.692419052,1.73259604,0.821030736,6.857264042,-9.547264099,-3.649135113
10.11242294,0.739302635,1.113713622,6.706382751,-9.215680122,-3.561027527
10.29988956,0.499621868,1.169733524,6.534944534,-8.763694763,-3.502667665
10.25008392,0.987292588,1.061900735,6.531844139,-8.678723335,-3.451683044
9.870501518,1.619533062,0.758595765,6.484455585,-8.406739235,-3.006413937
9.390933037,2.332571983,0.464550912,6.483368874,-8.184608459,-3.091895819
9.183916092,2.779718876,0.213060707,6.525265694,-8.010901451,-3.054985762
9.350586891,2.171310663,0.114307404,6.647492409,-8.140069008,-3.077815294
9.699163437,1.550937891,-0.001375559,6.765980721,-8.303257942,-3.07477951
10.19149876,0.930888951,-0.115904838,6.890461445,-8.639960289,-3.122451544
10.5461483,0.622900486,-0.00322435,6.944225311,-9.13492012,-3.306927681
10.68825436,0.639853597,0.661970198,6.916650772,-9.542737961,-3.372420073
10.32111168,0.675369859,1.164591312,6.875441074,-9.920610428,-3.483566523
10.00809479,1.079939246,1.17632544,6.776045322,-10.07106304,-3.650056601
9.790281296,1.557864428,1.001931906,6.812160492,-10.18254757,-3.508745909
9.451471329,2.217891693,0.755078435,6.97369051,-9.73697567,-3.930678844
9.130947113,2.710034847,0.530075312,7.057883739,-8.936505318,-3.385269403
8.99366188,2.822987556,0.384899139,7.084055901,-8.827257156,-3.452394485
9.124303818,2.599707365,0.35961473,7.269977093,-8.282659531,-3.187144279
9.475783348,2.150553465,0.410503536,7.548080921,-7.650100708,-2.697222948
9.959236145,1.477891445,0.65099299,7.683943748,-7.175159454,-2.26649642
10.26294708,1.016467929,1.079681873,7.688863754,-6.828732491,-1.938051462
10.18100262,1.018896937,1.221531391,7.650457382,-6.522765636,-1.781296968
9.779546738,1.622838616,1.146055579,7.71446991,-6.081059933,-1.614536524
9.299098969,2.068746805,0.942331672,7.949570656,-5.688696384,-1.460029006
9.018512726,2.336374998,0.755754888,8.121656418,-5.302730083,-1.477454066
9.109989166,2.314604282,0.402241886,8.16527462,-5.233605862,-1.592264414
9.405779839,1.971775889,0.313295662,8.292830467,-5.097590923,-1.737415671
9.580073357,1.603978276,0.027905755,8.425753593,-5.178915977,-1.61256671
10.01737976,1.091468692,-0.309353888,8.310489655,-5.160094738,-2.118598223
10.48088074,1.030138135,-0.454087704,8.154287338,-4.669194221,-2.48814702
10.66597557,1.20663166,-0.310420245,8.054839134,-4.266593933,-2.891045809
10.57454872,1.423176527,0.671621501,7.986187935,-3.966629982,-2.92656374
9.88038063,1.638952255,1.94167614,7.988390923,-3.737136602,-2.661574841
9.170818329,1.795033336,1.973493218,8.015007019,-3.426477194,-2.189253092
8.853504181,2.09353447,1.774379611,8.036833763,-3.0532341,-1.83152616
8.553166389,2.608281374,0.838993967,8.065820694,-2.641530037,-1.668049693
9.598626137,2.177134514,1.356298089,8.061733246,-2.270684242,-1.674682736
9.661239624,0.969331264,1.126992583,8.185335159,-1.743628502,-1.926233411
9.733328819,0.772004902,0.829269588,8.451210022,-1.375527382,-1.545367956
9.87887001,1.304457068,-0.015124994,8.54996109,-0.892453969,-1.667448044
10.01943016,1.68558538,-0.31645143,8.527690887,-0.352522343,-1.170259356
10.09103012,1.797831893,-0.092990592,8.53649044,0.029974082,-0.91676259
10.05472183,1.706867218,0.242625728,8.607737541,0.31221953,-0.495302886
9.986471176,1.401625991,0.503670454,8.645290375,0.51506114,-0.385934055
9.811203957,0.92918998,0.731766403,8.7531147,0.811228931,-0.636238158
9.770979881,0.712005496,0.844252646,8.78241539,1.340364218,-0.552129626
9.676467896,0.783655405,0.921716511,8.624149323,2.248951674,-0.217018649
9.503116608,0.852523386,0.847863197,8.350510597,2.972056627,0.63377732
9.494258881,0.829866529,0.702003956,8.521921158,2.316498518,1.197974801
9.665331841,0.745033324,0.584420204,8.942443848,0.520952463,0.91701746
9.849095345,0.684074461,0.417176127,9.23925972,-0.625361919,0.332262963
10.0474472,0.678850174,0.331940442,9.133011818,-0.458922356,-0.085246757
10.06278419,0.683420777,0.676843405,8.848108292,0.041168522,-0.157124639
9.93384552,0.518695772,1.304647803,8.610239983,-1.05239737,-0.757159114
9.673436165,0.205559537,1.550595284,8.142130852,-2.6153543,-0.768304706
9.511688232,-0.068109415,1.280690312,7.888767242,-3.393638611,-0.113293141
9.541324615,-0.068451732,0.769277394,8.178548813,-4.379028797,0.423258215
9.683995247,-0.074557342,0.106248423,8.624155045,-6.280777454,0.422609806
9.848029137,-0.290036231,-0.280953109,9.112953186,-8.36598587,-0.125422776
9.962630272,-0.40949592,-0.395703495,9.413708687,-9.125581741,-0.448129952
10.04565144,-0.440860063,-0.367524415,9.553303719,-8.825414658,-0.283859551
10.15649796,-0.581438303,-0.038625773,9.669081688,-8.379897118,0.215776563
9.913105011,-0.683590651,0.912811637,9.52562809,-7.891526222,0.580419421
9.598208427,-0.630148768,1.858863592,8.903297424,-7.333772182,0.844564795
9.545198441,-0.879118562,2.281731844,8.632674217,-7.470310211,-0.093195945
9.629991531,-1.234685659,2.527875185,8.468009949,-6.500750542,0.115624145
9.742073059,-1.366286397,2.601565123,8.433937073,-4.348510742,0.145472988
9.838276863,-1.284228921,2.4665308,8.612640381,-3.222182989,-0.167463943
9.849001884,-1.057655692,2.205720186,8.901332855,-3.156669378,-0.862431347
10.06867504,-0.318802685,1.257598042,9.280116081,-3.243150234,-1.135747075
9.956487656,0.020187445,1.014699817,9.3035326,-2.580742121,0.07783705
9.915363312,0.485722184,-0.059597418,9.285587311,-2.232489347,0.03240671
10.16368866,0.167617708,-1.186629415,9.469589233,-2.40823698,0.065284662
9.990494728,0.041349739,-1.693494558,9.663930893,-2.7144382,0.292028964
10.14100361,0.220278904,-2.299979925,9.661787987,-2.696237087,0.937938869
10.22816849,-0.025087951,-2.87095356,9.382056236,-2.147055626,0.944208503
10.48982811,-0.10272377,-3.683360815,8.987118721,-1.936570525,1.243685246
10.00799561,-1.141063452,-3.634729624,9.043366432,-3.90468502,1.710363269
10.31962681,-0.942042232,-4.265997887,9.261451721,-4.964241505,2.636981964
10.60722351,-1.39936769,-3.802076578,9.612395287,-3.599926949,3.208640337
10.6379509,-1.937686563,-2.872121811,9.702385902,-2.760289907,3.193819523
10.92192078,-3.595649719,-2.727419376,9.581132889,-2.734948158,2.231305361
11.81016445,-4.556429863,-3.965755939,9.765275002,-2.820840359,1.345193505
12.70518208,-1.142380834,-4.482298851,9.933507919,-2.656253099,-0.135522917
13.14492989,2.508845806,-4.366350174,10.04720116,-1.712848067,-0.624674916
13.38232994,5.416995049,-4.796144485,10.21413708,-1.855903029,-1.229035497
12.95691681,6.872908592,-2.971406221,10.53805256,-1.859346271,-1.347339392
11.13327408,5.279706955,-0.738089383,10.65977859,-1.986026168,-1.067725778
12.25721741,5.253672123,1.148264408,11.30347633,-1.011204123,-0.422219127
14.52718735,10.75743675,2.181676626,11.52715206,-0.978914738,-0.411590576
14.9006052,13.88472652,1.078291297,11.73042965,-0.971710443,-0.054499596
14.9858284,12.83945751,-0.906326294,11.7223711,-1.024781346,0.003703713
14.89257717,9.698852539,-1.98814857,11.53110695,-0.833988786,0.67622447
14.39346409,5.767900467,-2.187857151,11.14890099,-0.47264564,1.200097442
14.13629055,3.143918037,-2.53234148,10.74378014,-0.335681736,1.331802964
14.39753819,2.114515066,-2.704049587,10.39557838,-0.589270473,1.165082216
14.30462265,1.872592092,-2.330957413,10.13414955,-1.204138041,1.178009391
13.86315536,2.076536894,-2.373396158,9.798789024,-1.618475437,0.840242684
13.42543602,1.994915247,-2.562328815,9.289970398,-2.741631508,-0.080772728
12.66009235,1.841876149,-2.291558981,8.928082466,-3.461481094,-1.039008617
11.96520233,2.0631814,-2.018348932,9.209776878,-3.410238266,-1.41681397
11.34059048,2.08673048,-1.912117243,9.758765221,-3.519243956,-0.006461834
10.62386799,1.26348412,-1.846867323,9.918086052,-3.4111588,0.6042974
9.913516998,-0.33208999,-1.594379544,10.21957207,-2.343051434,1.805350661
8.467184067,-2.241592884,-0.487457454,10.15487576,-2.142667532,3.187933207
6.572608471,-3.672474384,-0.257763296,10.00138569,-2.232812643,3.471291304
5.53574419,-3.928640366,-0.3638919,10.13311481,-1.355829716,3.507377863
5.708840847,-3.226506472,-0.163632214,9.276789665,-2.26372838,2.750358105
6.821308136,-1.837760687,0.44593358,8.190966606,-4.253401279,1.646843672
8.08251667,-0.115510106,1.225197792,7.282472134,-5.826339722,-0.18303521
8.645742416,1.250132442,1.935913563,6.75797081,-6.532001972,-1.660285711
8.548667908,1.753738284,2.308044672,6.416053772,-7.125621319,-2.77908659
8.335262299,1.282034397,2.496900797,6.945970058,-7.261861324,-3.254685163
8.18384552,0.229105055,2.714897156,7.831520081,-5.893566608,-2.014073372
8.381391525,-0.901344717,3.110287666,8.822253227,-3.886449337,0.159337774
8.892748833,-1.799376845,3.564594984,9.379403114,-3.59276104,0.782900214
9.625407219,-2.235996008,3.977001429,9.830575943,-3.147913218,0.573810458
10.23407936,-2.397911549,4.293330669,10.02763939,-2.798721313,1.49011302
10.69914627,-2.41912818,4.383373737,9.669783592,-3.113735676,0.6726017
11.21506119,-2.405035973,4.176706791,9.382023811,-4.163578987,0.12497063
11.84330368,-2.442780256,3.954323769,9.096904755,-4.528374195,-0.56703639
12.57200241,-2.61231637,3.956081629,8.737594604,-4.819786072,-0.962257922
13.22763157,-2.621179581,4.214441299,8.612107277,-4.843789101,-1.40668118
13.52402782,-2.563954592,4.371011734,8.428443909,-5.239914894,-1.528149247
13.27767563,-2.708985806,4.512821674,8.217533112,-6.185297012,-1.436203718
12.54002285,-2.998082638,4.434138775,8.047842026,-5.92868042,-1.004473567
11.70730305,-3.397586584,4.084931374,7.717686176,-6.495482922,-0.631965578
11.09538651,-3.610788822,3.570305347,7.597397327,-6.688886642,-0.273634374
10.68111134,-3.483160019,3.021713257,7.537286758,-6.448345184,-0.538781822
10.5690527,-3.032122135,2.549989462,7.392719746,-6.56018877,-0.114561647
10.92379379,-2.444253922,2.225646257,7.9325037,-5.448122025,-0.055731978
11.67465687,-1.776270032,1.89550972,8.766383171,-4.164313793,0.119707137
12.44860744,-1.095687747,1.54397285,9.399245262,-3.245112181,0.576014936
12.80692768,-0.468990088,1.176885605,9.570349693,-3.083528519,0.95450455
12.60494804,0.043082267,0.839622259,9.393559456,-3.531678915,1.193573713
12.09510899,0.312204123,0.640223801,9.054722786,-3.467348099,1.025918722
11.48087311,0.390654027,0.386525154,8.700771332,-4.138458252,0.533169568
11.09790039,0.505437672,0.236935303,8.340744019,-5.022557259,-0.451035947
10.81344223,0.681629181,0.065499082,8.123281479,-5.601624012,-1.506890535
10.49608135,0.893969417,-0.057478756,8.236710548,-5.822541714,-2.088443041
10.15305233,1.034604073,-0.024042487,8.528613091,-5.370564461,-2.50900507
9.965007782,1.202215314,0.118063293,9.10711956,-4.817366123,-2.409548759
9.892868996,1.43143034,0.218415588,9.430784225,-4.413964748,-2.189687967
9.785966873,1.651201844,0.214090168,9.258992195,-4.412070274,-1.624491096
9.60087204,1.622526646,0.052036017,8.852135658,-4.141222,-0.930293381
9.500336647,1.351844072,0.040754762,8.460245132,-3.811485529,-0.564100504
9.562485695,1.372418046,0.198205873,8.158366203,-3.646464109,-0.515973866
9.663606644,1.884979248,0.337109745,8.230182648,-3.485309601,-0.557103395
9.735764503,2.364207506,0.242426261,8.618919373,-3.418121338,-0.648888409
9.684033394,2.504292727,0.129420206,9.337227821,-3.317722797,-0.801075935
9.472517014,2.315152407,0.037186857,9.992393494,-2.764600277,-0.591525316
9.234688759,1.983977795,-0.149479389,10.40755653,-2.078297377,-0.097096056
9.224276543,1.793773174,-0.268377692,10.68499184,-1.777858973,0.383532435
9.506651878,1.817613125,-0.709373772,10.58291531,-1.57145381,0.806511164
10.21564198,1.77872014,-0.634322822,10.32996464,-1.534086585,1.118733764
10.44553947,1.810435891,-0.567705452,10.14147949,-1.341864347,0.897554398
10.65630627,2.082526684,-0.721591473,10.13327312,-1.617864966,0.688458204
10.62490749,2.27824235,-0.853592515,10.00894547,-2.002959251,0.706627309
10.33559799,2.429217577,-0.861877263,9.542795181,-2.579044819,0.636568308
10.14929008,2.468932629,-0.889895916,9.135296822,-3.071451426,0.499838889
10.02232265,2.314821243,-1.020214438,8.717795372,-3.538533211,-0.07834965
10.48889351,1.994336486,-2.003442526,8.393813133,-4.031630039,-0.752118349
11.06484318,1.957265496,-2.339530945,8.757430077,-3.726856232,-1.641119838
10.75462532,2.97585392,-2.374914885,8.893827438,-4.826812267,-3.654103279
10.29389858,4.843855858,-3.107028246,8.878959656,-4.694550037,-1.289311886
9.69931221,4.77082777,-2.434919596,9.180081367,-3.872113705,-0.597656131
9.280138016,3.125375032,-1.934246421,9.350439072,-2.954813004,-0.065323815
8.786784172,1.868290544,-1.829334259,9.3238554,-3.190505505,0.197828665
8.413722038,1.510736346,-1.416359186,9.139405251,-3.386424065,0.527042747
8.658852577,1.639773965,-1.23775208,8.878423691,-3.180373192,0.942850173
9.487679482,2.11877203,-1.470279813,8.659087181,-2.559540033,1.126690269
10.29995346,2.771614313,-1.514948368,8.718743324,-2.240825653,0.792102218
10.20445633,2.944719791,-1.531663895,9.060795784,-2.587084293,0.388882071
9.920184135,2.246540308,-1.484328032,9.514504433,-2.119498968,0.207055435
9.843657494,1.542909741,-1.706712246,9.943406105,-2.477514744,0.105432831
9.747153282,0.451861203,-1.625019312,10.39880276,-0.536565483,0.726209402
9.820585251,1.898169279,-2.528857946,10.50164318,-0.760638475,0.973145604
9.613354683,2.952608585,-2.582749605,10.08810425,-1.662317634,1.213974714
9.56055069,2.527787685,-2.571311474,10.06081295,-1.809027195,0.870355666
9.281437874,2.145123005,-2.187020779,9.959218025,-1.806868911,0.538517952
9.232683182,2.421122789,-1.819035292,9.732885361,-2.189469337,0.399519652
9.435211182,2.968540907,-1.638938427,9.544113159,-2.427340746,0.236102462
9.429122925,3.04133153,-1.423239946,9.324887276,-2.441294193,0.35122779
9.785874367,3.15715766,-1.222185373,9.17581749,-2.663004637,0.461076558
9.77213192,3.077414274,-0.952021599,9.029860497,-2.723852396,0.665679038
9.696359634,2.845145702,-0.789685309,9.055038452,-2.577716589,0.845062494
9.532747269,2.722096205,-0.739477515,9.12599659,-2.504461527,0.778557718
9.368965149,2.649231195,-0.855959654,9.168128967,-2.474103451,0.593147635
9.205424309,2.606308937,-0.944248557,9.319687843,-2.242781639,0.830777287
9.021715164,2.658494949,-1.069398522,9.375412941,-2.097401857,0.648129284
8.936753273,2.593838215,-1.225038409,9.529797554,-1.980943799,0.371287167
8.897590637,2.738552809,-1.285612106,9.496445656,-2.327268839,0.212940291
8.977370262,2.830900431,-1.403569818,9.428444862,-2.341255426,0.322135329
9.050912857,3.13209486,-1.350860357,9.424155235,-2.292340755,0.048629086
9.085819244,3.4718256,-1.329882383,9.341519356,-2.463119745,0.023650423
9.252160072,3.394317389,-1.257951736,9.42351532,-2.382433891,0.006535944
9.261252403,3.144470692,-1.23177433,10.12817574,-1.542800903,-0.235042974
8.775244713,3.715780258,-1.066037059,10.03298759,-1.0917629,-0.058357157
